1
1
1
1
1
1
1
1
1
1
1
1
1
1
1
1
1
1
1
1
1
1
1
1
1
1
1
1
1
1
1
1
1
1
1
1
1
1
1
1
1
1
1
1
1
1
1
1
1
1
1
1
1
1
1
1
1
0
1
1
1
1
1
1
1
1
1
1
1
1
1
0
1
1
1
1
1
1
1
1
1
1
1
1
1
1
1
1
1
1
1
1
1
1
1
1
1
1
1
1
1
lunes 4 de noviembre de 2030:Evento 54[deporte]:Descripción del evento 54
1
miércoles 20 de junio de 2029:Evento 98[deporte]:Descripción del evento 98
1
miércoles 3 de marzo de 2027:Evento 60[deporte]:Descripción del evento 60
1
miércoles 26 de julio de 2034:Evento 76[reuniones]:Descripción del evento 76
1
miércoles 30 de agosto de 2034:Evento 51[reuniones]:Descripción del evento 51
1
martes 17 de enero de 2034:Evento 32[docencia]:Descripción del evento 32
1
lunes 20 de septiembre de 2027:Evento 33[docencia]:Descripción del evento 33
1
domingo 26 de diciembre de 2027:Evento 15[reuniones]:Descripción del evento 15
1
viernes 7 de mayo de 2032:Evento 17[deporte]:Descripción del evento 17
1
viernes 21 de diciembre de 2029:Evento 70[docencia]:Descripción del evento 70
0
lunes 1 de enero de 1900:sin título[]:
0
lunes 1 de enero de 1900:sin título[]:
0
lunes 1 de enero de 1900:sin título[]:
1
viernes 28 de abril de 2034:Evento 77[reuniones]:Descripción del evento 77
0
lunes 1 de enero de 1900:sin título[]:
0
lunes 1 de enero de 1900:sin título[]:
0
lunes 1 de enero de 1900:sin título[]:
0
lunes 1 de enero de 1900:sin título[]:
0
lunes 1 de enero de 1900:sin título[]:
0
lunes 1 de enero de 1900:sin título[]:
0
lunes 1 de enero de 1900:sin título[]:
0
lunes 1 de enero de 1900:sin título[]:
0
lunes 1 de enero de 1900:sin título[]:
0
lunes 1 de enero de 1900:sin título[]:
0
lunes 1 de enero de 1900:sin título[]:
0
lunes 1 de enero de 1900:sin título[]:
0
lunes 1 de enero de 1900:sin título[]:
0
lunes 1 de enero de 1900:sin título[]:
0
lunes 1 de enero de 1900:sin título[]:
0
lunes 1 de enero de 1900:sin título[]:
0
lunes 1 de enero de 1900:sin título[]:
0
lunes 1 de enero de 1900:sin título[]:
0
lunes 1 de enero de 1900:sin título[]:
0
lunes 1 de enero de 1900:sin título[]:
0
lunes 1 de enero de 1900:sin título[]:
0
lunes 1 de enero de 1900:sin título[]:
0
lunes 1 de enero de 1900:sin título[]:
0
lunes 1 de enero de 1900:sin título[]:
0
lunes 1 de enero de 1900:sin título[]:
0
lunes 1 de enero de 1900:sin título[]:
0
lunes 1 de enero de 1900:sin título[]:
0
lunes 1 de enero de 1900:sin título[]:
0
lunes 1 de enero de 1900:sin título[]:
1
domingo 16 de julio de 2034:Evento 58[docencia]:Descripción del evento 58
0
lunes 1 de enero de 1900:sin título[]:
1
jueves 2 de marzo de 2028:Evento 31[deporte]:Descripción del evento 31
0
lunes 1 de enero de 1900:sin título[]:
0
lunes 1 de enero de 1900:sin título[]:
0
lunes 1 de enero de 1900:sin título[]:
0
lunes 1 de enero de 1900:sin título[]:
0
lunes 1 de enero de 1900:sin título[]:
0
lunes 1 de enero de 1900:sin título[]:
0
lunes 1 de enero de 1900:sin título[]:
0
lunes 1 de enero de 1900:sin título[]:
0
lunes 1 de enero de 1900:sin título[]:
0
lunes 1 de enero de 1900:sin título[]:
0
lunes 1 de enero de 1900:sin título[]:
0
lunes 1 de enero de 1900:sin título[]:
0
lunes 1 de enero de 1900:sin título[]:
0
lunes 1 de enero de 1900:sin título[]:
domingo 22 de diciembre de 2024:Evento 44[citas médicas]:Descripción del evento 44
jueves 2 de enero de 2025:Evento 75[reuniones]:Descripción del evento 75
martes 28 de enero de 2025:Evento 34[deporte]:Descripción del evento 34
domingo 20 de abril de 2025:Evento 80[reuniones]:Descripción del evento 80
viernes 23 de mayo de 2025:Evento 13[docencia]:Descripción del evento 13
miércoles 28 de mayo de 2025:Evento 52[reuniones]:Descripción del evento 52
martes 5 de agosto de 2025:Evento 65[reuniones]:Descripción del evento 65
jueves 2 de octubre de 2025:Evento 1[deporte]:Descripción del evento 1
jueves 23 de octubre de 2025:Evento 68[deporte]:Descripción del evento 68
lunes 10 de noviembre de 2025:Evento 61[docencia]:Descripción del evento 61
miércoles 15 de abril de 2026:Evento 48[reuniones]:Descripción del evento 48
martes 21 de julio de 2026:Evento 26[citas médicas]:Descripción del evento 26
jueves 23 de julio de 2026:Evento 94[docencia]:Descripción del evento 94
jueves 24 de septiembre de 2026:Evento 8[docencia]:Descripción del evento 8
jueves 8 de octubre de 2026:Evento 67[docencia]:Descripción del evento 67
sábado 28 de noviembre de 2026:Evento 23[reuniones]:Descripción del evento 23
jueves 4 de febrero de 2027:Evento 97[docencia]:Descripción del evento 97
miércoles 3 de marzo de 2027:Evento 60[deporte]:Descripción del evento 60
miércoles 25 de agosto de 2027:Evento 72[docencia]:Descripción del evento 72
lunes 20 de septiembre de 2027:Evento 33[docencia]:Descripción del evento 33
lunes 4 de octubre de 2027:Evento 99[deporte]:Descripción del evento 99
domingo 10 de octubre de 2027:Evento 95[citas médicas]:Descripción del evento 95
domingo 7 de noviembre de 2027:Evento 83[citas médicas]:Descripción del evento 83
sábado 13 de noviembre de 2027:Evento 69[docencia]:Descripción del evento 69
lunes 15 de noviembre de 2027:Evento 89[reuniones]:Descripción del evento 89
miércoles 24 de noviembre de 2027:Evento 55[deporte]:Descripción del evento 55
sábado 27 de noviembre de 2027:Evento 22[docencia]:Descripción del evento 22
domingo 26 de diciembre de 2027:Evento 15[reuniones]:Descripción del evento 15
jueves 27 de enero de 2028:Evento 59[reuniones]:Descripción del evento 59
jueves 17 de febrero de 2028:Evento 53[deporte]:Descripción del evento 53
jueves 2 de marzo de 2028:Evento 31[deporte]:Descripción del evento 31
martes 11 de abril de 2028:Evento 39[reuniones]:Descripción del evento 39
sábado 29 de abril de 2028:Evento 28[docencia]:Descripción del evento 28
lunes 1 de mayo de 2028:Evento 7[citas médicas]:Descripción del evento 7
viernes 12 de mayo de 2028:Evento 36[deporte]:Descripción del evento 36
martes 30 de mayo de 2028:Evento 56[docencia]:Descripción del evento 56
domingo 11 de junio de 2028:Evento 43[deporte]:Descripción del evento 43
jueves 22 de junio de 2028:Evento 84[docencia]:Descripción del evento 84
sábado 8 de julio de 2028:Evento 18[deporte]:Descripción del evento 18
sábado 5 de agosto de 2028:Evento 74[reuniones]:Descripción del evento 74
lunes 7 de agosto de 2028:Evento 63[reuniones]:Descripción del evento 63
jueves 31 de agosto de 2028:Evento 3[deporte]:Descripción del evento 3
sábado 9 de septiembre de 2028:Evento 20[citas médicas]:Descripción del evento 20
martes 2 de enero de 2029:Evento 29[deporte]:Descripción del evento 29
miércoles 20 de junio de 2029:Evento 98[deporte]:Descripción del evento 98
viernes 6 de julio de 2029:Evento 6[docencia]:Descripción del evento 6
viernes 31 de agosto de 2029:Evento 12[deporte]:Descripción del evento 12
viernes 21 de diciembre de 2029:Evento 70[docencia]:Descripción del evento 70
jueves 3 de enero de 2030:Evento 85[citas médicas]:Descripción del evento 85
martes 23 de julio de 2030:Evento 87[reuniones]:Descripción del evento 87
sábado 7 de septiembre de 2030:Evento 5[citas médicas]:Descripción del evento 5
miércoles 11 de septiembre de 2030:Evento 2[reuniones]:Descripción del evento 2
viernes 4 de octubre de 2030:Evento 82[deporte]:Descripción del evento 82
lunes 4 de noviembre de 2030:Evento 54[deporte]:Descripción del evento 54
jueves 2 de enero de 2031:Evento 78[docencia]:Descripción del evento 78
domingo 12 de enero de 2031:Evento 0[citas médicas]:Descripción del evento 0
miércoles 22 de enero de 2031:Evento 21[citas médicas]:Descripción del evento 21
viernes 4 de abril de 2031:Evento 79[deporte]:Descripción del evento 79
miércoles 21 de mayo de 2031:Evento 73[citas médicas]:Descripción del evento 73
viernes 20 de junio de 2031:Evento 64[reuniones]:Descripción del evento 64
sábado 5 de julio de 2031:Evento 24[reuniones]:Descripción del evento 24
viernes 22 de agosto de 2031:Evento 96[docencia]:Descripción del evento 96
sábado 23 de agosto de 2031:Evento 91[reuniones]:Descripción del evento 91
martes 30 de septiembre de 2031:Evento 4[reuniones]:Descripción del evento 4
martes 14 de octubre de 2031:Evento 14[citas médicas]:Descripción del evento 14
domingo 7 de marzo de 2032:Evento 81[reuniones]:Descripción del evento 81
jueves 29 de abril de 2032:Evento 19[docencia]:Descripción del evento 19
viernes 30 de abril de 2032:Evento 27[deporte]:Descripción del evento 27
viernes 7 de mayo de 2032:Evento 17[deporte]:Descripción del evento 17
lunes 10 de mayo de 2032:Evento 41[reuniones]:Descripción del evento 41
miércoles 2 de junio de 2032:Evento 37[docencia]:Descripción del evento 37
sábado 12 de junio de 2032:Evento 38[citas médicas]:Descripción del evento 38
martes 15 de junio de 2032:Evento 92[deporte]:Descripción del evento 92
jueves 8 de julio de 2032:Evento 90[citas médicas]:Descripción del evento 90
jueves 15 de julio de 2032:Evento 66[deporte]:Descripción del evento 66
jueves 19 de agosto de 2032:Evento 25[deporte]:Descripción del evento 25
martes 28 de septiembre de 2032:Evento 62[reuniones]:Descripción del evento 62
sábado 20 de noviembre de 2032:Evento 11[reuniones]:Descripción del evento 11
sábado 1 de enero de 2033:Evento 40[citas médicas]:Descripción del evento 40
domingo 20 de marzo de 2033:Evento 88[deporte]:Descripción del evento 88
martes 26 de abril de 2033:Evento 50[deporte]:Descripción del evento 50
viernes 19 de agosto de 2033:Evento 10[reuniones]:Descripción del evento 10
jueves 20 de octubre de 2033:Evento 49[docencia]:Descripción del evento 49
miércoles 26 de octubre de 2033:Evento 35[reuniones]:Descripción del evento 35
jueves 27 de octubre de 2033:Evento 86[docencia]:Descripción del evento 86
miércoles 9 de noviembre de 2033:Evento 93[reuniones]:Descripción del evento 93
jueves 12 de enero de 2034:Evento 45[docencia]:Descripción del evento 45
martes 17 de enero de 2034:Evento 32[docencia]:Descripción del evento 32
miércoles 22 de febrero de 2034:Evento 42[deporte]:Descripción del evento 42
domingo 2 de abril de 2034:Evento 47[citas médicas]:Descripción del evento 47
viernes 28 de abril de 2034:Evento 77[reuniones]:Descripción del evento 77
domingo 16 de julio de 2034:Evento 58[docencia]:Descripción del evento 58
miércoles 26 de julio de 2034:Evento 76[reuniones]:Descripción del evento 76
miércoles 30 de agosto de 2034:Evento 51[reuniones]:Descripción del evento 51
viernes 15 de septiembre de 2034:Evento 16[deporte]:Descripción del evento 16
lunes 9 de octubre de 2034:Evento 9[deporte]:Descripción del evento 9
jueves 12 de octubre de 2034:Evento 30[reuniones]:Descripción del evento 30
martes 17 de octubre de 2034:Evento 46[citas médicas]:Descripción del evento 46
